<NON_UTF8>nde<NON_UTF8>,<NON_UTF8>rganization <NON_UTF8>d,<NON_UTF8>ame,<NON_UTF8>ebsite,<NON_UTF8>ountry,<NON_UTF8>escription,<NON_UTF8>ounded,<NON_UTF8>ndustry,<NON_UTF8>umber of employees
<NON_UTF8>,<NON_UTF8><NON_UTF8><NON_UTF8><NON_UTF8>d<NON_UTF8><NON_UTF8>d<NON_UTF8>b<NON_UTF8>d<NON_UTF8><NON_UTF8>c,<NON_UTF8>errell <NON_UTF8><NON_UTF8><NON_UTF8>,https<NON_UTF8>//price.net/,<NON_UTF8>apua <NON_UTF8>ew <NON_UTF8>uinea,<NON_UTF8>orizontal empowering knowledgebase,<NON_UTF8><NON_UTF8><NON_UTF8><NON_UTF8>,<NON_UTF8>lastics,<NON_UTF8><NON_UTF8><NON_UTF8><NON_UTF8>
<NON_UTF8>,<NON_UTF8><NON_UTF8><NON_UTF8><NON_UTF8>d<NON_UTF8><NON_UTF8><NON_UTF8><NON_UTF8><NON_UTF8>a<NON_UTF8><NON_UTF8><NON_UTF8><NON_UTF8>,"<NON_UTF8>ckinney, <NON_UTF8>iley and <NON_UTF8>ay",http<NON_UTF8>//www.hall-buchanan.info/,<NON_UTF8>inland,<NON_UTF8>ser-centric system-worthy leverage,<NON_UTF8><NON_UTF8><NON_UTF8><NON_UTF8>,<NON_UTF8>lass / <NON_UTF8>eramics / <NON_UTF8>oncrete,<NON_UTF8><NON_UTF8><NON_UTF8><NON_UTF8>
<NON_UTF8>,<NON_UTF8>b<NON_UTF8><NON_UTF8><NON_UTF8><NON_UTF8><NON_UTF8><NON_UTF8><NON_UTF8><NON_UTF8><NON_UTF8>bc<NON_UTF8><NON_UTF8>,<NON_UTF8>ester <NON_UTF8>td,http<NON_UTF8>//sullivan-reed.com/,<NON_UTF8>hina,<NON_UTF8>witchable scalable moratorium,<NON_UTF8><NON_UTF8><NON_UTF8><NON_UTF8>,<NON_UTF8>ublic <NON_UTF8>afety,<NON_UTF8><NON_UTF8><NON_UTF8><NON_UTF8>
<NON_UTF8>,<NON_UTF8>b<NON_UTF8><NON_UTF8><NON_UTF8><NON_UTF8>e<NON_UTF8>a<NON_UTF8>ce<NON_UTF8><NON_UTF8>f,<NON_UTF8>older-<NON_UTF8>ellers,https<NON_UTF8>//becker.com/,<NON_UTF8>urkmenistan,<NON_UTF8>e-engineered systemic artificial intelligence,<NON_UTF8><NON_UTF8><NON_UTF8><NON_UTF8>,<NON_UTF8>utomotive,<NON_UTF8><NON_UTF8><NON_UTF8>
<NON_UTF8>,<NON_UTF8>e<NON_UTF8><NON_UTF8><NON_UTF8><NON_UTF8>a<NON_UTF8><NON_UTF8>b<NON_UTF8><NON_UTF8><NON_UTF8><NON_UTF8><NON_UTF8>,<NON_UTF8>ayer <NON_UTF8>roup,http<NON_UTF8>//www.brewer.com/,<NON_UTF8>auritius,<NON_UTF8>ynchronized needs-based challenge,<NON_UTF8><NON_UTF8><NON_UTF8><NON_UTF8>,<NON_UTF8>ransportation,<NON_UTF8><NON_UTF8><NON_UTF8><NON_UTF8>
<NON_UTF8>,c<NON_UTF8><NON_UTF8><NON_UTF8><NON_UTF8><NON_UTF8><NON_UTF8><NON_UTF8>fe<NON_UTF8><NON_UTF8><NON_UTF8><NON_UTF8><NON_UTF8>,<NON_UTF8>enry-<NON_UTF8>hompson,http<NON_UTF8>//morse.net/,<NON_UTF8>ahamas,<NON_UTF8>ace-to-face well-modulated customer loyalty,<NON_UTF8><NON_UTF8><NON_UTF8><NON_UTF8>,<NON_UTF8>rimary / <NON_UTF8>econdary <NON_UTF8>ducation,<NON_UTF8><NON_UTF8><NON_UTF8><NON_UTF8>
<NON_UTF8>,<NON_UTF8><NON_UTF8><NON_UTF8><NON_UTF8><NON_UTF8><NON_UTF8>e<NON_UTF8>a<NON_UTF8><NON_UTF8><NON_UTF8><NON_UTF8><NON_UTF8><NON_UTF8>,<NON_UTF8>ansen-<NON_UTF8>verett,https<NON_UTF8>//www.kidd.org/,<NON_UTF8>akistan,<NON_UTF8>eamless disintermediate collaboration,<NON_UTF8><NON_UTF8><NON_UTF8><NON_UTF8>,<NON_UTF8>ublishing <NON_UTF8>ndustry,<NON_UTF8><NON_UTF8><NON_UTF8><NON_UTF8>
<NON_UTF8>,ccc<NON_UTF8><NON_UTF8><NON_UTF8><NON_UTF8><NON_UTF8><NON_UTF8><NON_UTF8>a<NON_UTF8><NON_UTF8><NON_UTF8><NON_UTF8>,<NON_UTF8>cintosh-<NON_UTF8>ora,https<NON_UTF8>//www.brooks.com/,<NON_UTF8>eard <NON_UTF8>sland and <NON_UTF8>c<NON_UTF8>onald <NON_UTF8>slands,<NON_UTF8>entralized attitude-oriented capability,<NON_UTF8><NON_UTF8><NON_UTF8><NON_UTF8>,<NON_UTF8>mport / <NON_UTF8><NON_UTF8>port,<NON_UTF8><NON_UTF8><NON_UTF8><NON_UTF8>
<NON_UTF8>,<NON_UTF8><NON_UTF8><NON_UTF8><NON_UTF8><NON_UTF8><NON_UTF8>a<NON_UTF8><NON_UTF8><NON_UTF8><NON_UTF8><NON_UTF8><NON_UTF8><NON_UTF8>e,<NON_UTF8>arr <NON_UTF8>nc,http<NON_UTF8>//ross.com/,<NON_UTF8>uwait,<NON_UTF8>istributed impactful customer loyalty,<NON_UTF8><NON_UTF8><NON_UTF8><NON_UTF8>,<NON_UTF8>lastics,<NON_UTF8><NON_UTF8><NON_UTF8><NON_UTF8>
<NON_UTF8><NON_UTF8>,<NON_UTF8><NON_UTF8><NON_UTF8>b<NON_UTF8>a<NON_UTF8>e<NON_UTF8><NON_UTF8><NON_UTF8><NON_UTF8><NON_UTF8><NON_UTF8><NON_UTF8>,<NON_UTF8>aines <NON_UTF8>nc,http<NON_UTF8>//sandoval-hooper.com/,<NON_UTF8>zbekistan,<NON_UTF8>ulti-lateral scalable protocol,<NON_UTF8><NON_UTF8><NON_UTF8><NON_UTF8>,<NON_UTF8>utsourcing / <NON_UTF8>ffshoring,<NON_UTF8><NON_UTF8><NON_UTF8><NON_UTF8>
<NON_UTF8><NON_UTF8>,<NON_UTF8><NON_UTF8><NON_UTF8><NON_UTF8>b<NON_UTF8><NON_UTF8>febbc<NON_UTF8><NON_UTF8><NON_UTF8>,<NON_UTF8>idd <NON_UTF8>roup,http<NON_UTF8>//www.lyons.com/,<NON_UTF8>ouvet <NON_UTF8>sland (<NON_UTF8>ouvetoya),<NON_UTF8>roactive foreground paradigm,<NON_UTF8><NON_UTF8><NON_UTF8><NON_UTF8>,<NON_UTF8>rimary / <NON_UTF8>econdary <NON_UTF8>ducation,<NON_UTF8><NON_UTF8><NON_UTF8><NON_UTF8>
<NON_UTF8><NON_UTF8>,eb<NON_UTF8><NON_UTF8><NON_UTF8><NON_UTF8><NON_UTF8><NON_UTF8>c<NON_UTF8>d<NON_UTF8><NON_UTF8><NON_UTF8><NON_UTF8>,<NON_UTF8>rane-<NON_UTF8>larke,https<NON_UTF8>//www.sandoval.com/,<NON_UTF8>enmark,<NON_UTF8>ront-line clear-thinking encryption,<NON_UTF8><NON_UTF8><NON_UTF8><NON_UTF8>,<NON_UTF8>ood / <NON_UTF8>everages,<NON_UTF8><NON_UTF8><NON_UTF8><NON_UTF8>
<NON_UTF8><NON_UTF8>,<NON_UTF8><NON_UTF8><NON_UTF8>c<NON_UTF8><NON_UTF8><NON_UTF8><NON_UTF8><NON_UTF8><NON_UTF8><NON_UTF8><NON_UTF8><NON_UTF8><NON_UTF8><NON_UTF8>,"<NON_UTF8>eller, <NON_UTF8>ampos and <NON_UTF8>lack",https<NON_UTF8>//www.garner.info/,<NON_UTF8>iberia,<NON_UTF8>meliorated directional emulation,<NON_UTF8><NON_UTF8><NON_UTF8><NON_UTF8>,<NON_UTF8>useums / <NON_UTF8>nstitutions,<NON_UTF8><NON_UTF8><NON_UTF8><NON_UTF8>
<NON_UTF8><NON_UTF8>,<NON_UTF8><NON_UTF8>c<NON_UTF8><NON_UTF8>cc<NON_UTF8><NON_UTF8><NON_UTF8><NON_UTF8><NON_UTF8><NON_UTF8><NON_UTF8>c,<NON_UTF8>lover-<NON_UTF8>ope,http<NON_UTF8>//www.silva.biz/,<NON_UTF8>nited <NON_UTF8>rab <NON_UTF8>mirates,<NON_UTF8>ersevering conte<NON_UTF8>tually-based approach,<NON_UTF8><NON_UTF8><NON_UTF8><NON_UTF8>,<NON_UTF8>edical <NON_UTF8>ractice,<NON_UTF8><NON_UTF8><NON_UTF8><NON_UTF8>
<NON_UTF8><NON_UTF8>,<NON_UTF8><NON_UTF8><NON_UTF8><NON_UTF8><NON_UTF8>eaf<NON_UTF8><NON_UTF8><NON_UTF8><NON_UTF8><NON_UTF8><NON_UTF8><NON_UTF8>,<NON_UTF8>acheco-<NON_UTF8>pears,https<NON_UTF8>//aguilar.com/,<NON_UTF8>weden,<NON_UTF8>ecured logistical synergy,<NON_UTF8><NON_UTF8><NON_UTF8><NON_UTF8>,<NON_UTF8>aritime,<NON_UTF8><NON_UTF8><NON_UTF8>
<NON_UTF8><NON_UTF8>,b<NON_UTF8><NON_UTF8><NON_UTF8><NON_UTF8><NON_UTF8><NON_UTF8><NON_UTF8>f<NON_UTF8>a<NON_UTF8><NON_UTF8>f<NON_UTF8>,<NON_UTF8>odge-<NON_UTF8>yers,http<NON_UTF8>//www.archer-elliott.com/,<NON_UTF8>onduras,<NON_UTF8>uture-proofed radical implementation,<NON_UTF8><NON_UTF8><NON_UTF8><NON_UTF8>,<NON_UTF8>acilities <NON_UTF8>ervices,<NON_UTF8><NON_UTF8><NON_UTF8><NON_UTF8>
<NON_UTF8><NON_UTF8>,<NON_UTF8><NON_UTF8><NON_UTF8><NON_UTF8><NON_UTF8>b<NON_UTF8><NON_UTF8><NON_UTF8><NON_UTF8>e<NON_UTF8><NON_UTF8><NON_UTF8><NON_UTF8>,"<NON_UTF8>owers, <NON_UTF8>uerra and <NON_UTF8>rause",http<NON_UTF8>//www.carrillo-nicholson.com/,<NON_UTF8>ganda,<NON_UTF8>e-engineered transitional strategy,<NON_UTF8><NON_UTF8><NON_UTF8><NON_UTF8>,<NON_UTF8>rimary / <NON_UTF8>econdary <NON_UTF8>ducation,<NON_UTF8><NON_UTF8><NON_UTF8><NON_UTF8>
<NON_UTF8><NON_UTF8>,<NON_UTF8>c<NON_UTF8><NON_UTF8>ff<NON_UTF8>fdba<NON_UTF8><NON_UTF8>d<NON_UTF8>,<NON_UTF8>ckenzie-<NON_UTF8>elton,http<NON_UTF8>//montoya-thompson.com/,<NON_UTF8>ong <NON_UTF8>ong,<NON_UTF8>everse-engineered heuristic alliance,<NON_UTF8><NON_UTF8><NON_UTF8><NON_UTF8>,<NON_UTF8>nvestment <NON_UTF8>anagement / <NON_UTF8>edge <NON_UTF8>und / <NON_UTF8>rivate <NON_UTF8>quity,<NON_UTF8><NON_UTF8><NON_UTF8><NON_UTF8>
<NON_UTF8><NON_UTF8>,ba<NON_UTF8><NON_UTF8><NON_UTF8><NON_UTF8><NON_UTF8><NON_UTF8><NON_UTF8><NON_UTF8><NON_UTF8><NON_UTF8><NON_UTF8>f<NON_UTF8>,<NON_UTF8>ranch-<NON_UTF8>ann,http<NON_UTF8>//www.lozano.com/,<NON_UTF8>otswana,<NON_UTF8>daptive intangible frame,<NON_UTF8><NON_UTF8><NON_UTF8><NON_UTF8>,<NON_UTF8>rchitecture / <NON_UTF8>lanning,<NON_UTF8><NON_UTF8><NON_UTF8><NON_UTF8>
<NON_UTF8><NON_UTF8>,c<NON_UTF8><NON_UTF8>e<NON_UTF8><NON_UTF8><NON_UTF8><NON_UTF8><NON_UTF8><NON_UTF8><NON_UTF8>c<NON_UTF8><NON_UTF8>b,<NON_UTF8>eiss and <NON_UTF8>ons,https<NON_UTF8>//barrett.com/,<NON_UTF8>orea,<NON_UTF8>harable optimal functionalities,<NON_UTF8><NON_UTF8><NON_UTF8><NON_UTF8>,<NON_UTF8>lastics,<NON_UTF8><NON_UTF8><NON_UTF8><NON_UTF8>
<NON_UTF8><NON_UTF8>,<NON_UTF8>de<NON_UTF8><NON_UTF8><NON_UTF8><NON_UTF8><NON_UTF8>e<NON_UTF8><NON_UTF8>a<NON_UTF8>a<NON_UTF8>,"<NON_UTF8>elez, <NON_UTF8>ayne and <NON_UTF8>offey",http<NON_UTF8>//burton.com/,<NON_UTF8>u<NON_UTF8>embourg,<NON_UTF8>andatory coherent synergy,<NON_UTF8><NON_UTF8><NON_UTF8><NON_UTF8>,<NON_UTF8>holesale,<NON_UTF8><NON_UTF8><NON_UTF8><NON_UTF8>
<NON_UTF8><NON_UTF8>,<NON_UTF8>ad<NON_UTF8><NON_UTF8>a<NON_UTF8><NON_UTF8><NON_UTF8><NON_UTF8><NON_UTF8><NON_UTF8><NON_UTF8><NON_UTF8>d,<NON_UTF8>arrell <NON_UTF8><NON_UTF8><NON_UTF8>,http<NON_UTF8>//www.frey-rosario.com/,<NON_UTF8>uadeloupe,<NON_UTF8>everse-engineered mission-critical moratorium,<NON_UTF8><NON_UTF8><NON_UTF8><NON_UTF8>,<NON_UTF8>onstruction,<NON_UTF8><NON_UTF8><NON_UTF8><NON_UTF8>
<NON_UTF8><NON_UTF8>,<NON_UTF8><NON_UTF8>a<NON_UTF8><NON_UTF8><NON_UTF8><NON_UTF8>d<NON_UTF8><NON_UTF8>f<NON_UTF8><NON_UTF8><NON_UTF8><NON_UTF8>,"<NON_UTF8>aton, <NON_UTF8>eynolds and <NON_UTF8>argas",http<NON_UTF8>//www.freeman.biz/,<NON_UTF8>onaco,<NON_UTF8>elf-enabling multi-tasking process improvement,<NON_UTF8><NON_UTF8><NON_UTF8><NON_UTF8>,<NON_UTF8>u<NON_UTF8>ury <NON_UTF8>oods / <NON_UTF8>ewelry,<NON_UTF8><NON_UTF8><NON_UTF8><NON_UTF8>
<NON_UTF8><NON_UTF8>,<NON_UTF8><NON_UTF8>c<NON_UTF8><NON_UTF8><NON_UTF8><NON_UTF8><NON_UTF8>b<NON_UTF8>f<NON_UTF8><NON_UTF8><NON_UTF8>c,<NON_UTF8>obbins-<NON_UTF8>ummings,http<NON_UTF8>//donaldson-wilkins.com/,<NON_UTF8>elgium,<NON_UTF8>rganic non-volatile hierarchy,<NON_UTF8><NON_UTF8><NON_UTF8><NON_UTF8>,<NON_UTF8>harmaceuticals,<NON_UTF8><NON_UTF8><NON_UTF8><NON_UTF8>
<NON_UTF8><NON_UTF8>,<NON_UTF8>f<NON_UTF8><NON_UTF8>e<NON_UTF8><NON_UTF8><NON_UTF8><NON_UTF8><NON_UTF8><NON_UTF8>a<NON_UTF8><NON_UTF8><NON_UTF8>,<NON_UTF8>enkins <NON_UTF8>nc,http<NON_UTF8>//www.kirk.biz/,<NON_UTF8>outh <NON_UTF8>frica,<NON_UTF8>ront-line systematic help-desk,<NON_UTF8><NON_UTF8><NON_UTF8><NON_UTF8>,<NON_UTF8>nsurance,<NON_UTF8><NON_UTF8><NON_UTF8><NON_UTF8>
<NON_UTF8><NON_UTF8>,d<NON_UTF8>f<NON_UTF8><NON_UTF8>a<NON_UTF8><NON_UTF8><NON_UTF8><NON_UTF8><NON_UTF8><NON_UTF8>d<NON_UTF8><NON_UTF8>,"<NON_UTF8>reene, <NON_UTF8>enjamin and <NON_UTF8>ovak",http<NON_UTF8>//www.kent.net/,<NON_UTF8>omania,<NON_UTF8>entralized leadingedge moratorium,<NON_UTF8><NON_UTF8><NON_UTF8><NON_UTF8>,<NON_UTF8>useums / <NON_UTF8>nstitutions,<NON_UTF8><NON_UTF8><NON_UTF8><NON_UTF8>
<NON_UTF8><NON_UTF8>,<NON_UTF8><NON_UTF8><NON_UTF8><NON_UTF8><NON_UTF8>c<NON_UTF8><NON_UTF8>a<NON_UTF8><NON_UTF8><NON_UTF8><NON_UTF8><NON_UTF8><NON_UTF8>,"<NON_UTF8>ickson, <NON_UTF8>ichmond and <NON_UTF8>lay",http<NON_UTF8>//everett.com/,<NON_UTF8>zech <NON_UTF8>epublic,<NON_UTF8>eam-oriented tangible comple<NON_UTF8>ity,<NON_UTF8><NON_UTF8><NON_UTF8><NON_UTF8>,<NON_UTF8>eal <NON_UTF8>state / <NON_UTF8>ortgage,<NON_UTF8><NON_UTF8><NON_UTF8><NON_UTF8>
<NON_UTF8><NON_UTF8>,<NON_UTF8><NON_UTF8>b<NON_UTF8>f<NON_UTF8>c<NON_UTF8>cf<NON_UTF8><NON_UTF8>a<NON_UTF8><NON_UTF8>,<NON_UTF8>rince-<NON_UTF8>avid,http<NON_UTF8>//thompson.com/,<NON_UTF8>hristmas <NON_UTF8>sland,<NON_UTF8>irtual holistic methodology,<NON_UTF8><NON_UTF8><NON_UTF8><NON_UTF8>,<NON_UTF8>anking / <NON_UTF8>ortgage,<NON_UTF8><NON_UTF8><NON_UTF8><NON_UTF8>
<NON_UTF8><NON_UTF8>,f<NON_UTF8><NON_UTF8><NON_UTF8>b<NON_UTF8><NON_UTF8><NON_UTF8><NON_UTF8>e<NON_UTF8><NON_UTF8><NON_UTF8><NON_UTF8><NON_UTF8>,<NON_UTF8>yala <NON_UTF8><NON_UTF8><NON_UTF8>,http<NON_UTF8>//www.zhang.com/,<NON_UTF8>hilippines,<NON_UTF8>pen-source zero administration hierarchy,<NON_UTF8><NON_UTF8><NON_UTF8><NON_UTF8>,<NON_UTF8>egal <NON_UTF8>ervices,<NON_UTF8><NON_UTF8><NON_UTF8><NON_UTF8>
<NON_UTF8><NON_UTF8>,<NON_UTF8><NON_UTF8>b<NON_UTF8><NON_UTF8>e<NON_UTF8>c<NON_UTF8><NON_UTF8><NON_UTF8>a<NON_UTF8><NON_UTF8>e,<NON_UTF8>ivas <NON_UTF8>roup,https<NON_UTF8>//hebert.org/,<NON_UTF8>ustralia,<NON_UTF8>pen-architected well-modulated capacity,<NON_UTF8><NON_UTF8><NON_UTF8><NON_UTF8>,<NON_UTF8>ogistics / <NON_UTF8>rocurement,<NON_UTF8><NON_UTF8><NON_UTF8><NON_UTF8>
<NON_UTF8><NON_UTF8>,cc<NON_UTF8>c<NON_UTF8><NON_UTF8><NON_UTF8>adcbc<NON_UTF8><NON_UTF8><NON_UTF8>,"<NON_UTF8>loan, <NON_UTF8>ays and <NON_UTF8>hitehead",http<NON_UTF8>//lawson.com/,<NON_UTF8>had,<NON_UTF8>ace-to-face high-level conglomeration,<NON_UTF8><NON_UTF8><NON_UTF8><NON_UTF8>,<NON_UTF8>ivil <NON_UTF8>ngineering,<NON_UTF8><NON_UTF8><NON_UTF8>
<NON_UTF8><NON_UTF8>,f<NON_UTF8>afd<NON_UTF8><NON_UTF8><NON_UTF8>b<NON_UTF8>d<NON_UTF8><NON_UTF8><NON_UTF8><NON_UTF8>,"<NON_UTF8>urham, <NON_UTF8>llen and <NON_UTF8>arnes",http<NON_UTF8>//chan-stafford.org/,<NON_UTF8>imbabwe,<NON_UTF8>ynergistic web-enabled framework,<NON_UTF8><NON_UTF8><NON_UTF8><NON_UTF8>,<NON_UTF8>echanical or <NON_UTF8>ndustrial <NON_UTF8>ngineering,<NON_UTF8><NON_UTF8><NON_UTF8><NON_UTF8>
<NON_UTF8><NON_UTF8>,<NON_UTF8><NON_UTF8><NON_UTF8><NON_UTF8>cf<NON_UTF8><NON_UTF8><NON_UTF8><NON_UTF8><NON_UTF8><NON_UTF8>a<NON_UTF8>e,<NON_UTF8>ritz-<NON_UTF8>ranklin,http<NON_UTF8>//www.lambert.com/,<NON_UTF8>epal,<NON_UTF8>utomated <NON_UTF8>thgeneration website,<NON_UTF8><NON_UTF8><NON_UTF8><NON_UTF8>,<NON_UTF8>ospitality,<NON_UTF8><NON_UTF8><NON_UTF8><NON_UTF8>
<NON_UTF8><NON_UTF8>,<NON_UTF8><NON_UTF8>d<NON_UTF8>efcc<NON_UTF8>cba<NON_UTF8><NON_UTF8>f,<NON_UTF8>urch-<NON_UTF8>wing,http<NON_UTF8>//cline.net/,<NON_UTF8>aiwan,<NON_UTF8>ser-centric <NON_UTF8>thgeneration system engine,<NON_UTF8><NON_UTF8><NON_UTF8><NON_UTF8>,<NON_UTF8>enture <NON_UTF8>apital / <NON_UTF8><NON_UTF8>,<NON_UTF8><NON_UTF8><NON_UTF8><NON_UTF8>
<NON_UTF8><NON_UTF8>,<NON_UTF8><NON_UTF8><NON_UTF8><NON_UTF8>cb<NON_UTF8><NON_UTF8>e<NON_UTF8><NON_UTF8><NON_UTF8>d<NON_UTF8><NON_UTF8>,"<NON_UTF8>lass, <NON_UTF8>arrera and <NON_UTF8>urner",https<NON_UTF8>//dunlap.com/,<NON_UTF8>yrgyz <NON_UTF8>epublic,<NON_UTF8>ulti-channeled <NON_UTF8>rdgeneration open system,<NON_UTF8><NON_UTF8><NON_UTF8><NON_UTF8>,<NON_UTF8>tilities,<NON_UTF8><NON_UTF8><NON_UTF8><NON_UTF8>
<NON_UTF8><NON_UTF8>,<NON_UTF8><NON_UTF8><NON_UTF8>d<NON_UTF8><NON_UTF8><NON_UTF8><NON_UTF8><NON_UTF8><NON_UTF8><NON_UTF8>eae<NON_UTF8>,<NON_UTF8>ineda-<NON_UTF8>o<NON_UTF8>,http<NON_UTF8>//aguilar.org/,<NON_UTF8>olivia,<NON_UTF8>undamental asynchronous capability,<NON_UTF8><NON_UTF8><NON_UTF8><NON_UTF8>,<NON_UTF8>uman <NON_UTF8>esources / <NON_UTF8><NON_UTF8>,<NON_UTF8><NON_UTF8><NON_UTF8><NON_UTF8>
<NON_UTF8><NON_UTF8>,<NON_UTF8><NON_UTF8><NON_UTF8>f<NON_UTF8>d<NON_UTF8><NON_UTF8><NON_UTF8><NON_UTF8><NON_UTF8><NON_UTF8><NON_UTF8><NON_UTF8>b,"<NON_UTF8>aker, <NON_UTF8>ccann and <NON_UTF8>acdonald",http<NON_UTF8>//www.anderson-barker.com/,<NON_UTF8>enya,<NON_UTF8>ross-group user-facing focus group,<NON_UTF8><NON_UTF8><NON_UTF8><NON_UTF8>,<NON_UTF8>egislative <NON_UTF8>ffice,<NON_UTF8><NON_UTF8><NON_UTF8><NON_UTF8>
<NON_UTF8><NON_UTF8>,<NON_UTF8><NON_UTF8><NON_UTF8><NON_UTF8>a<NON_UTF8><NON_UTF8>f<NON_UTF8>d<NON_UTF8><NON_UTF8>c<NON_UTF8><NON_UTF8>,<NON_UTF8>uevas-<NON_UTF8>oss,https<NON_UTF8>//dodson-castaneda.net/,<NON_UTF8>uatemala,<NON_UTF8><NON_UTF8>tended human-resource intranet,<NON_UTF8><NON_UTF8><NON_UTF8><NON_UTF8>,<NON_UTF8>usic,<NON_UTF8><NON_UTF8><NON_UTF8><NON_UTF8>
<NON_UTF8><NON_UTF8>,<NON_UTF8><NON_UTF8><NON_UTF8><NON_UTF8><NON_UTF8><NON_UTF8><NON_UTF8><NON_UTF8>c<NON_UTF8>b<NON_UTF8><NON_UTF8><NON_UTF8><NON_UTF8>,<NON_UTF8>ahn <NON_UTF8><NON_UTF8><NON_UTF8>,http<NON_UTF8>//newman.com/,<NON_UTF8>elarus,<NON_UTF8>rganic logistical leverage,<NON_UTF8><NON_UTF8><NON_UTF8><NON_UTF8>,<NON_UTF8>lectrical / <NON_UTF8>lectronic <NON_UTF8>anufacturing,<NON_UTF8><NON_UTF8><NON_UTF8><NON_UTF8>
<NON_UTF8><NON_UTF8>,<NON_UTF8><NON_UTF8><NON_UTF8><NON_UTF8><NON_UTF8><NON_UTF8><NON_UTF8><NON_UTF8><NON_UTF8><NON_UTF8>a<NON_UTF8><NON_UTF8><NON_UTF8><NON_UTF8>,"<NON_UTF8>alentine, <NON_UTF8>erguson and <NON_UTF8>ramer",http<NON_UTF8>//stuart.net/,<NON_UTF8>ersey,<NON_UTF8>entralized secondary time-frame,<NON_UTF8><NON_UTF8><NON_UTF8><NON_UTF8>,<NON_UTF8>on - <NON_UTF8>rofit / <NON_UTF8>olunteering,<NON_UTF8><NON_UTF8><NON_UTF8><NON_UTF8>
<NON_UTF8><NON_UTF8>,decab<NON_UTF8><NON_UTF8><NON_UTF8><NON_UTF8><NON_UTF8><NON_UTF8><NON_UTF8><NON_UTF8><NON_UTF8>a,<NON_UTF8>rroyo <NON_UTF8>nc,https<NON_UTF8>//www.turner.com/,<NON_UTF8>renada,<NON_UTF8>anaged demand-driven website,<NON_UTF8><NON_UTF8><NON_UTF8><NON_UTF8>,<NON_UTF8>riting / <NON_UTF8>diting,<NON_UTF8><NON_UTF8><NON_UTF8><NON_UTF8>
<NON_UTF8><NON_UTF8>,d<NON_UTF8><NON_UTF8><NON_UTF8><NON_UTF8><NON_UTF8>b<NON_UTF8>b<NON_UTF8><NON_UTF8><NON_UTF8>eea,<NON_UTF8>alls <NON_UTF8><NON_UTF8><NON_UTF8>,http<NON_UTF8>//www.reese-vasquez.biz/,<NON_UTF8>ape <NON_UTF8>erde,<NON_UTF8>elf-enabling fresh-thinking installation,<NON_UTF8><NON_UTF8><NON_UTF8><NON_UTF8>,<NON_UTF8>nvestment <NON_UTF8>anagement / <NON_UTF8>edge <NON_UTF8>und / <NON_UTF8>rivate <NON_UTF8>quity,<NON_UTF8><NON_UTF8><NON_UTF8><NON_UTF8>
<NON_UTF8><NON_UTF8>,<NON_UTF8><NON_UTF8><NON_UTF8><NON_UTF8><NON_UTF8><NON_UTF8>b<NON_UTF8>b<NON_UTF8>c<NON_UTF8>d<NON_UTF8>e,"<NON_UTF8>itchell, <NON_UTF8>arren and <NON_UTF8>chneider",https<NON_UTF8>//fo<NON_UTF8>.biz/,<NON_UTF8>rinidad and <NON_UTF8>obago,<NON_UTF8>nhanced intangible time-frame,<NON_UTF8><NON_UTF8><NON_UTF8><NON_UTF8>,<NON_UTF8>apital <NON_UTF8>arkets / <NON_UTF8>edge <NON_UTF8>und / <NON_UTF8>rivate <NON_UTF8>quity,<NON_UTF8><NON_UTF8><NON_UTF8><NON_UTF8>
<NON_UTF8><NON_UTF8>,<NON_UTF8><NON_UTF8>a<NON_UTF8>c<NON_UTF8><NON_UTF8><NON_UTF8><NON_UTF8><NON_UTF8><NON_UTF8>a<NON_UTF8><NON_UTF8>f,<NON_UTF8>rince <NON_UTF8><NON_UTF8><NON_UTF8>,https<NON_UTF8>//www.watts.com/,<NON_UTF8>weden,<NON_UTF8>rofit-focused coherent installation,<NON_UTF8><NON_UTF8><NON_UTF8><NON_UTF8>,<NON_UTF8>ndividual / <NON_UTF8>amily <NON_UTF8>ervices,<NON_UTF8><NON_UTF8><NON_UTF8><NON_UTF8>
<NON_UTF8><NON_UTF8>,<NON_UTF8><NON_UTF8><NON_UTF8>fd<NON_UTF8><NON_UTF8><NON_UTF8><NON_UTF8>cf<NON_UTF8>a<NON_UTF8><NON_UTF8>,<NON_UTF8>rock-<NON_UTF8>lackwell,http<NON_UTF8>//www.small.com/,<NON_UTF8>enin,<NON_UTF8>ecured foreground emulation,<NON_UTF8><NON_UTF8><NON_UTF8><NON_UTF8>,<NON_UTF8>nline <NON_UTF8>ublishing,<NON_UTF8><NON_UTF8><NON_UTF8><NON_UTF8>
<NON_UTF8><NON_UTF8>,<NON_UTF8>e<NON_UTF8><NON_UTF8><NON_UTF8>c<NON_UTF8>e<NON_UTF8><NON_UTF8><NON_UTF8><NON_UTF8><NON_UTF8>b<NON_UTF8>,<NON_UTF8>alton-<NON_UTF8>arnett,https<NON_UTF8>//ashley-schaefer.com/,<NON_UTF8>estern <NON_UTF8>ahara,<NON_UTF8>ight-sized clear-thinking fle<NON_UTF8>ibility,<NON_UTF8><NON_UTF8><NON_UTF8><NON_UTF8>,<NON_UTF8>u<NON_UTF8>ury <NON_UTF8>oods / <NON_UTF8>ewelry,<NON_UTF8><NON_UTF8><NON_UTF8><NON_UTF8>
<NON_UTF8><NON_UTF8>,<NON_UTF8>b<NON_UTF8>b<NON_UTF8>cdd<NON_UTF8>ea<NON_UTF8><NON_UTF8>c<NON_UTF8>,<NON_UTF8>artlett-<NON_UTF8>rroyo,https<NON_UTF8>//cruz.com/,<NON_UTF8>orthern <NON_UTF8>ariana <NON_UTF8>slands,<NON_UTF8>ealigned didactic function,<NON_UTF8><NON_UTF8><NON_UTF8><NON_UTF8>,<NON_UTF8>ivic / <NON_UTF8>ocial <NON_UTF8>rganization,<NON_UTF8><NON_UTF8><NON_UTF8><NON_UTF8>
<NON_UTF8><NON_UTF8>,<NON_UTF8><NON_UTF8>a<NON_UTF8><NON_UTF8>b<NON_UTF8>a<NON_UTF8><NON_UTF8>a<NON_UTF8><NON_UTF8><NON_UTF8><NON_UTF8>,"<NON_UTF8>allace, <NON_UTF8>adden and <NON_UTF8>orris",http<NON_UTF8>//www.blevins-fernandez.biz/,<NON_UTF8>ermany,<NON_UTF8>ersistent real-time customer loyalty,<NON_UTF8><NON_UTF8><NON_UTF8><NON_UTF8>,<NON_UTF8>harmaceuticals,<NON_UTF8><NON_UTF8><NON_UTF8><NON_UTF8>
<NON_UTF8><NON_UTF8>,<NON_UTF8>b<NON_UTF8>fe<NON_UTF8>e<NON_UTF8><NON_UTF8><NON_UTF8><NON_UTF8>b<NON_UTF8>a<NON_UTF8>,<NON_UTF8>erg-<NON_UTF8>parks,https<NON_UTF8>//cisneros-love.com/,<NON_UTF8>anada,<NON_UTF8>tand-alone static implementation,<NON_UTF8><NON_UTF8><NON_UTF8><NON_UTF8>,<NON_UTF8>rts / <NON_UTF8>rafts,<NON_UTF8><NON_UTF8><NON_UTF8><NON_UTF8>
<NON_UTF8><NON_UTF8>,c<NON_UTF8><NON_UTF8>ed<NON_UTF8><NON_UTF8><NON_UTF8><NON_UTF8><NON_UTF8>aef<NON_UTF8><NON_UTF8>,<NON_UTF8>onzales <NON_UTF8>td,http<NON_UTF8>//bird.com/,<NON_UTF8>onga,<NON_UTF8>anaged human-resource policy,<NON_UTF8><NON_UTF8><NON_UTF8><NON_UTF8>,<NON_UTF8>onsumer <NON_UTF8>oods,<NON_UTF8><NON_UTF8><NON_UTF8><NON_UTF8>
<NON_UTF8><NON_UTF8>,<NON_UTF8><NON_UTF8><NON_UTF8><NON_UTF8><NON_UTF8><NON_UTF8><NON_UTF8><NON_UTF8>cd<NON_UTF8><NON_UTF8><NON_UTF8><NON_UTF8><NON_UTF8>,<NON_UTF8>awson and <NON_UTF8>ons,https<NON_UTF8>//www.wong.com/,<NON_UTF8>rench <NON_UTF8>outhern <NON_UTF8>erritories,<NON_UTF8>ompatible analyzing intranet,<NON_UTF8><NON_UTF8><NON_UTF8><NON_UTF8>,<NON_UTF8>rts / <NON_UTF8>rafts,<NON_UTF8><NON_UTF8><NON_UTF8><NON_UTF8>
<NON_UTF8><NON_UTF8>,<NON_UTF8>dd<NON_UTF8><NON_UTF8><NON_UTF8>b<NON_UTF8>c<NON_UTF8><NON_UTF8><NON_UTF8>b<NON_UTF8><NON_UTF8>,"<NON_UTF8>cguire, <NON_UTF8>cconnell and <NON_UTF8>lsen",https<NON_UTF8>//melton-briggs.com/,<NON_UTF8>orea,<NON_UTF8>rofound client-server frame,<NON_UTF8><NON_UTF8><NON_UTF8><NON_UTF8>,<NON_UTF8>rinting,<NON_UTF8><NON_UTF8><NON_UTF8><NON_UTF8>
<NON_UTF8><NON_UTF8>,<NON_UTF8><NON_UTF8><NON_UTF8><NON_UTF8><NON_UTF8><NON_UTF8><NON_UTF8>adcc<NON_UTF8><NON_UTF8><NON_UTF8>e,<NON_UTF8>harles-<NON_UTF8>hillips,https<NON_UTF8>//bowman.com/,<NON_UTF8>ote d'<NON_UTF8>voire,<NON_UTF8>onitored client-server implementation,<NON_UTF8><NON_UTF8><NON_UTF8><NON_UTF8>,<NON_UTF8>ental <NON_UTF8>ealth <NON_UTF8>are,<NON_UTF8><NON_UTF8><NON_UTF8><NON_UTF8>
<NON_UTF8><NON_UTF8>,f<NON_UTF8><NON_UTF8><NON_UTF8><NON_UTF8><NON_UTF8><NON_UTF8>e<NON_UTF8><NON_UTF8>f<NON_UTF8><NON_UTF8><NON_UTF8><NON_UTF8>,<NON_UTF8>dom <NON_UTF8>td,https<NON_UTF8>//www.humphrey-hess.com/,<NON_UTF8>ote d'<NON_UTF8>voire,<NON_UTF8>dvanced static process improvement,<NON_UTF8><NON_UTF8><NON_UTF8><NON_UTF8>,<NON_UTF8>anagement <NON_UTF8>onsulting,<NON_UTF8><NON_UTF8><NON_UTF8><NON_UTF8>
<NON_UTF8><NON_UTF8>,e<NON_UTF8><NON_UTF8><NON_UTF8><NON_UTF8><NON_UTF8><NON_UTF8><NON_UTF8>d<NON_UTF8>b<NON_UTF8><NON_UTF8><NON_UTF8><NON_UTF8>,<NON_UTF8>ichard <NON_UTF8><NON_UTF8><NON_UTF8>,https<NON_UTF8>//holden-coleman.net/,<NON_UTF8>ayotte,<NON_UTF8>bject-based optimizing model,<NON_UTF8><NON_UTF8><NON_UTF8><NON_UTF8>,<NON_UTF8>roadcast <NON_UTF8>edia,<NON_UTF8><NON_UTF8><NON_UTF8><NON_UTF8>
<NON_UTF8><NON_UTF8>,<NON_UTF8><NON_UTF8><NON_UTF8>df<NON_UTF8><NON_UTF8><NON_UTF8><NON_UTF8><NON_UTF8><NON_UTF8>a<NON_UTF8><NON_UTF8><NON_UTF8>,<NON_UTF8>ampson <NON_UTF8>td,https<NON_UTF8>//blevins.com/,<NON_UTF8>ayman <NON_UTF8>slands,<NON_UTF8>ntuitive local adapter,<NON_UTF8><NON_UTF8><NON_UTF8><NON_UTF8>,<NON_UTF8>arming,<NON_UTF8><NON_UTF8><NON_UTF8><NON_UTF8>
<NON_UTF8><NON_UTF8>,<NON_UTF8>a<NON_UTF8><NON_UTF8><NON_UTF8><NON_UTF8>f<NON_UTF8><NON_UTF8><NON_UTF8><NON_UTF8><NON_UTF8><NON_UTF8><NON_UTF8>e,"<NON_UTF8>herry, <NON_UTF8>e and <NON_UTF8>allahan",https<NON_UTF8>//waller-delacruz.biz/,<NON_UTF8>igeria,<NON_UTF8>niversal human-resource collaboration,<NON_UTF8><NON_UTF8><NON_UTF8><NON_UTF8>,<NON_UTF8>ntertainment / <NON_UTF8>ovie <NON_UTF8>roduction,<NON_UTF8><NON_UTF8><NON_UTF8><NON_UTF8>
<NON_UTF8><NON_UTF8>,<NON_UTF8>f<NON_UTF8><NON_UTF8><NON_UTF8>f<NON_UTF8><NON_UTF8>c<NON_UTF8>a<NON_UTF8><NON_UTF8><NON_UTF8><NON_UTF8>,<NON_UTF8>herry <NON_UTF8><NON_UTF8><NON_UTF8>,https<NON_UTF8>//www.avila.info/,<NON_UTF8>arshall <NON_UTF8>slands,<NON_UTF8>ersistent tertiary website,<NON_UTF8><NON_UTF8><NON_UTF8><NON_UTF8>,<NON_UTF8>lastics,<NON_UTF8><NON_UTF8><NON_UTF8><NON_UTF8>
<NON_UTF8><NON_UTF8>,ae<NON_UTF8>e<NON_UTF8><NON_UTF8><NON_UTF8><NON_UTF8><NON_UTF8>a<NON_UTF8>a<NON_UTF8><NON_UTF8>c,<NON_UTF8>elton-<NON_UTF8>ichols,https<NON_UTF8>//kennedy.com/,<NON_UTF8>alau,<NON_UTF8>ser-friendly clear-thinking productivity,<NON_UTF8><NON_UTF8><NON_UTF8><NON_UTF8>,<NON_UTF8>egislative <NON_UTF8>ffice,<NON_UTF8><NON_UTF8><NON_UTF8><NON_UTF8>
<NON_UTF8><NON_UTF8>,a<NON_UTF8>eb<NON_UTF8><NON_UTF8>ad<NON_UTF8><NON_UTF8><NON_UTF8><NON_UTF8><NON_UTF8><NON_UTF8><NON_UTF8>,<NON_UTF8>otter-<NON_UTF8>alsh,http<NON_UTF8>//thomas-french.org/,<NON_UTF8>urkey,<NON_UTF8>ptional non-volatile open system,<NON_UTF8><NON_UTF8><NON_UTF8><NON_UTF8>,<NON_UTF8>uman <NON_UTF8>esources / <NON_UTF8><NON_UTF8>,<NON_UTF8><NON_UTF8><NON_UTF8><NON_UTF8>
<NON_UTF8><NON_UTF8>,b<NON_UTF8><NON_UTF8>bc<NON_UTF8>b<NON_UTF8><NON_UTF8>d<NON_UTF8><NON_UTF8>e<NON_UTF8><NON_UTF8>,<NON_UTF8>reeman-<NON_UTF8>hen,https<NON_UTF8>//mathis.com/,<NON_UTF8>imor-<NON_UTF8>este,<NON_UTF8>hased ne<NON_UTF8>t generation adapter,<NON_UTF8><NON_UTF8><NON_UTF8><NON_UTF8>,<NON_UTF8>nternational <NON_UTF8>rade / <NON_UTF8>evelopment,<NON_UTF8><NON_UTF8><NON_UTF8>
<NON_UTF8><NON_UTF8>,<NON_UTF8><NON_UTF8><NON_UTF8>f<NON_UTF8><NON_UTF8><NON_UTF8>e<NON_UTF8>b<NON_UTF8><NON_UTF8><NON_UTF8><NON_UTF8>a,<NON_UTF8>oto <NON_UTF8>roup,https<NON_UTF8>//norris.info/,<NON_UTF8>ietnam,<NON_UTF8>nterprise-wide e<NON_UTF8>ecutive installation,<NON_UTF8><NON_UTF8><NON_UTF8><NON_UTF8>,<NON_UTF8>usiness <NON_UTF8>upplies / <NON_UTF8>quipment,<NON_UTF8><NON_UTF8><NON_UTF8><NON_UTF8>
<NON_UTF8><NON_UTF8>,<NON_UTF8>fef<NON_UTF8><NON_UTF8><NON_UTF8><NON_UTF8><NON_UTF8><NON_UTF8><NON_UTF8><NON_UTF8><NON_UTF8>e<NON_UTF8>,"<NON_UTF8>oole, <NON_UTF8>ruz and <NON_UTF8>hitney",https<NON_UTF8>//reed.info/,<NON_UTF8>eunion,<NON_UTF8>alanced analyzing groupware,<NON_UTF8><NON_UTF8><NON_UTF8><NON_UTF8>,<NON_UTF8>arketing / <NON_UTF8>dvertising / <NON_UTF8>ales,<NON_UTF8><NON_UTF8><NON_UTF8><NON_UTF8>
<NON_UTF8><NON_UTF8>,<NON_UTF8><NON_UTF8><NON_UTF8>ff<NON_UTF8>f<NON_UTF8><NON_UTF8><NON_UTF8>d<NON_UTF8><NON_UTF8><NON_UTF8><NON_UTF8>,<NON_UTF8>iley <NON_UTF8>td,http<NON_UTF8>//wiley.com/,<NON_UTF8>razil,<NON_UTF8>ptional e<NON_UTF8>uding superstructure,<NON_UTF8><NON_UTF8><NON_UTF8><NON_UTF8>,<NON_UTF8>e<NON_UTF8>tiles,<NON_UTF8><NON_UTF8><NON_UTF8><NON_UTF8>
<NON_UTF8><NON_UTF8>,c<NON_UTF8>fe<NON_UTF8>db<NON_UTF8><NON_UTF8><NON_UTF8><NON_UTF8><NON_UTF8><NON_UTF8>da,"<NON_UTF8>rickson, <NON_UTF8>ndrews and <NON_UTF8>ailey",https<NON_UTF8>//www.hobbs-grant.com/,<NON_UTF8>ritrea,<NON_UTF8>ision-oriented secondary project,<NON_UTF8><NON_UTF8><NON_UTF8><NON_UTF8>,<NON_UTF8>onsumer <NON_UTF8>lectronics,<NON_UTF8><NON_UTF8><NON_UTF8><NON_UTF8>
<NON_UTF8><NON_UTF8>,fd<NON_UTF8>becbadcd<NON_UTF8>df<NON_UTF8>,"<NON_UTF8>ilkinson, <NON_UTF8>harles and <NON_UTF8>rroyo",http<NON_UTF8>//hunter-mcfarland.com/,<NON_UTF8>nited <NON_UTF8>tates <NON_UTF8>irgin <NON_UTF8>slands,<NON_UTF8>ssimilated <NON_UTF8><NON_UTF8>/<NON_UTF8> archive,<NON_UTF8><NON_UTF8><NON_UTF8><NON_UTF8>,<NON_UTF8>uilding <NON_UTF8>aterials,<NON_UTF8><NON_UTF8><NON_UTF8>
<NON_UTF8><NON_UTF8>,<NON_UTF8><NON_UTF8><NON_UTF8>b<NON_UTF8><NON_UTF8><NON_UTF8>a<NON_UTF8>ca<NON_UTF8><NON_UTF8>c<NON_UTF8>,<NON_UTF8>loyd <NON_UTF8>td,http<NON_UTF8>//www.whitney.com/,<NON_UTF8>alkland <NON_UTF8>slands (<NON_UTF8>alvinas),<NON_UTF8>unction-based fault-tolerant concept,<NON_UTF8><NON_UTF8><NON_UTF8><NON_UTF8>,<NON_UTF8>ublic <NON_UTF8>elations / <NON_UTF8><NON_UTF8>,<NON_UTF8><NON_UTF8><NON_UTF8><NON_UTF8>
<NON_UTF8><NON_UTF8>,ce<NON_UTF8><NON_UTF8><NON_UTF8><NON_UTF8>bc<NON_UTF8><NON_UTF8><NON_UTF8>d<NON_UTF8><NON_UTF8><NON_UTF8>,<NON_UTF8>ewman-<NON_UTF8>alloway,https<NON_UTF8>//www.scott.com/,<NON_UTF8>u<NON_UTF8>embourg,<NON_UTF8>nhanced foreground collaboration,<NON_UTF8><NON_UTF8><NON_UTF8><NON_UTF8>,<NON_UTF8>nformation <NON_UTF8>echnology / <NON_UTF8><NON_UTF8>,<NON_UTF8><NON_UTF8><NON_UTF8><NON_UTF8>
<NON_UTF8><NON_UTF8>,<NON_UTF8>aa<NON_UTF8><NON_UTF8><NON_UTF8><NON_UTF8>dc<NON_UTF8><NON_UTF8><NON_UTF8><NON_UTF8><NON_UTF8><NON_UTF8>,<NON_UTF8>razier-<NON_UTF8>utler,https<NON_UTF8>//www.daugherty-farley.info/,<NON_UTF8>orthern <NON_UTF8>ariana <NON_UTF8>slands,<NON_UTF8>ersistent interactive circuit,<NON_UTF8><NON_UTF8><NON_UTF8><NON_UTF8>,<NON_UTF8>utsourcing / <NON_UTF8>ffshoring,<NON_UTF8><NON_UTF8><NON_UTF8><NON_UTF8>
<NON_UTF8><NON_UTF8>,<NON_UTF8><NON_UTF8><NON_UTF8><NON_UTF8><NON_UTF8><NON_UTF8>c<NON_UTF8>b<NON_UTF8>d<NON_UTF8><NON_UTF8><NON_UTF8>b,<NON_UTF8>ewton <NON_UTF8>nc,https<NON_UTF8>//www.richmond-manning.info/,<NON_UTF8>etherlands <NON_UTF8>ntilles,<NON_UTF8>undamental stable info-mediaries,<NON_UTF8><NON_UTF8><NON_UTF8><NON_UTF8>,<NON_UTF8>ilitary <NON_UTF8>ndustry,<NON_UTF8><NON_UTF8><NON_UTF8>
<NON_UTF8><NON_UTF8>,<NON_UTF8><NON_UTF8><NON_UTF8><NON_UTF8><NON_UTF8><NON_UTF8>f<NON_UTF8>d<NON_UTF8><NON_UTF8><NON_UTF8><NON_UTF8><NON_UTF8><NON_UTF8>,<NON_UTF8>uffy-<NON_UTF8>evy,https<NON_UTF8>//www.potter.com/,<NON_UTF8>uernsey,<NON_UTF8>iverse e<NON_UTF8>uding installation,<NON_UTF8><NON_UTF8><NON_UTF8><NON_UTF8>,<NON_UTF8>ireless,<NON_UTF8><NON_UTF8><NON_UTF8><NON_UTF8>
<NON_UTF8><NON_UTF8>,adc<NON_UTF8><NON_UTF8>afb<NON_UTF8><NON_UTF8><NON_UTF8>b<NON_UTF8>e<NON_UTF8>,<NON_UTF8>agner <NON_UTF8><NON_UTF8><NON_UTF8>,https<NON_UTF8>//decker-esparza.com/,<NON_UTF8>ruguay,<NON_UTF8>eactive attitude-oriented toolset,<NON_UTF8><NON_UTF8><NON_UTF8><NON_UTF8>,<NON_UTF8>nternational <NON_UTF8>ffairs,<NON_UTF8><NON_UTF8><NON_UTF8><NON_UTF8>
<NON_UTF8><NON_UTF8>,dfc<NON_UTF8><NON_UTF8>c<NON_UTF8><NON_UTF8><NON_UTF8>d<NON_UTF8><NON_UTF8><NON_UTF8><NON_UTF8>c,<NON_UTF8>ccall-<NON_UTF8>olmes,http<NON_UTF8>//www.dean.com/,<NON_UTF8>enin,<NON_UTF8>bject-based value-added database,<NON_UTF8><NON_UTF8><NON_UTF8><NON_UTF8>,<NON_UTF8>egal <NON_UTF8>ervices,<NON_UTF8><NON_UTF8><NON_UTF8>
<NON_UTF8><NON_UTF8>,<NON_UTF8><NON_UTF8><NON_UTF8><NON_UTF8><NON_UTF8><NON_UTF8><NON_UTF8><NON_UTF8><NON_UTF8>fe<NON_UTF8><NON_UTF8><NON_UTF8><NON_UTF8>,<NON_UTF8>assey <NON_UTF8><NON_UTF8><NON_UTF8>,https<NON_UTF8>//frazier.biz/,<NON_UTF8>uriname,<NON_UTF8>onfigurable zero administration <NON_UTF8>raphical <NON_UTF8>ser <NON_UTF8>nterface,<NON_UTF8><NON_UTF8><NON_UTF8><NON_UTF8>,<NON_UTF8>ccounting,<NON_UTF8><NON_UTF8><NON_UTF8><NON_UTF8>
<NON_UTF8><NON_UTF8>,f<NON_UTF8><NON_UTF8><NON_UTF8><NON_UTF8><NON_UTF8>f<NON_UTF8>c<NON_UTF8><NON_UTF8><NON_UTF8><NON_UTF8><NON_UTF8><NON_UTF8>,<NON_UTF8>icks <NON_UTF8><NON_UTF8><NON_UTF8>,http<NON_UTF8>//alvarez.biz/,<NON_UTF8>akistan,<NON_UTF8>uality-focused client-server <NON_UTF8>raphical <NON_UTF8>ser <NON_UTF8>nterface,<NON_UTF8><NON_UTF8><NON_UTF8><NON_UTF8>,<NON_UTF8>omputer <NON_UTF8>oftware / <NON_UTF8>ngineering,<NON_UTF8><NON_UTF8><NON_UTF8><NON_UTF8>
<NON_UTF8><NON_UTF8>,ec<NON_UTF8><NON_UTF8>dd<NON_UTF8><NON_UTF8><NON_UTF8><NON_UTF8>fa<NON_UTF8><NON_UTF8><NON_UTF8>,"<NON_UTF8>ole, <NON_UTF8>ussell and <NON_UTF8>very",http<NON_UTF8>//www.blankenship.com/,<NON_UTF8>ongolia,<NON_UTF8>e-engineered fault-tolerant challenge,<NON_UTF8><NON_UTF8><NON_UTF8><NON_UTF8>,<NON_UTF8>aw <NON_UTF8>nforcement,<NON_UTF8><NON_UTF8><NON_UTF8><NON_UTF8>
<NON_UTF8><NON_UTF8>,<NON_UTF8><NON_UTF8><NON_UTF8><NON_UTF8><NON_UTF8><NON_UTF8>e<NON_UTF8>ee<NON_UTF8><NON_UTF8><NON_UTF8><NON_UTF8><NON_UTF8>,<NON_UTF8>ummings-<NON_UTF8>ojas,https<NON_UTF8>//simon-pearson.com/,<NON_UTF8>valbard & <NON_UTF8>an <NON_UTF8>ayen <NON_UTF8>slands,<NON_UTF8>ser-centric modular customer loyalty,<NON_UTF8><NON_UTF8><NON_UTF8><NON_UTF8>,<NON_UTF8>inancial <NON_UTF8>ervices,<NON_UTF8><NON_UTF8><NON_UTF8><NON_UTF8>
<NON_UTF8><NON_UTF8>,dd<NON_UTF8><NON_UTF8><NON_UTF8><NON_UTF8>d<NON_UTF8>bc<NON_UTF8>c<NON_UTF8>fc,"<NON_UTF8>easley, <NON_UTF8>reene and <NON_UTF8>ahoney",http<NON_UTF8>//www.petersen-lawrence.com/,<NON_UTF8>ogo,<NON_UTF8><NON_UTF8>tended content-based methodology,<NON_UTF8><NON_UTF8><NON_UTF8><NON_UTF8>,<NON_UTF8>eligious <NON_UTF8>nstitutions,<NON_UTF8><NON_UTF8><NON_UTF8>
<NON_UTF8><NON_UTF8>,<NON_UTF8><NON_UTF8><NON_UTF8><NON_UTF8>d<NON_UTF8><NON_UTF8>e<NON_UTF8><NON_UTF8><NON_UTF8><NON_UTF8><NON_UTF8>e<NON_UTF8>,"<NON_UTF8>easley, <NON_UTF8>ims and <NON_UTF8>llison",http<NON_UTF8>//burke.info/,<NON_UTF8>atvia,<NON_UTF8>ecured zero tolerance hub,<NON_UTF8><NON_UTF8><NON_UTF8><NON_UTF8>,<NON_UTF8>acilities <NON_UTF8>ervices,<NON_UTF8><NON_UTF8><NON_UTF8><NON_UTF8>
<NON_UTF8><NON_UTF8>,c<NON_UTF8>a<NON_UTF8><NON_UTF8><NON_UTF8>e<NON_UTF8><NON_UTF8><NON_UTF8><NON_UTF8><NON_UTF8>daf,<NON_UTF8>rawford-<NON_UTF8>ivera,https<NON_UTF8>//black-ramirez.org/,<NON_UTF8>uba,<NON_UTF8>ersevering e<NON_UTF8>uding budgetary management,<NON_UTF8><NON_UTF8><NON_UTF8><NON_UTF8>,<NON_UTF8>nline <NON_UTF8>ublishing,<NON_UTF8><NON_UTF8><NON_UTF8><NON_UTF8>
<NON_UTF8><NON_UTF8>,<NON_UTF8>a<NON_UTF8>f<NON_UTF8><NON_UTF8><NON_UTF8><NON_UTF8><NON_UTF8>c<NON_UTF8><NON_UTF8><NON_UTF8><NON_UTF8><NON_UTF8>,<NON_UTF8>ontes-<NON_UTF8>ensley,https<NON_UTF8>//krueger.org/,<NON_UTF8>iechtenstein,<NON_UTF8>ulti-tiered secondary productivity,<NON_UTF8><NON_UTF8><NON_UTF8><NON_UTF8>,<NON_UTF8>rinting,<NON_UTF8><NON_UTF8><NON_UTF8><NON_UTF8>
<NON_UTF8><NON_UTF8>,b<NON_UTF8><NON_UTF8><NON_UTF8><NON_UTF8>d<NON_UTF8><NON_UTF8><NON_UTF8><NON_UTF8><NON_UTF8><NON_UTF8><NON_UTF8><NON_UTF8><NON_UTF8>,<NON_UTF8>elazquez-<NON_UTF8>dom,https<NON_UTF8>//stokes.com/,<NON_UTF8>jibouti,<NON_UTF8>treamlined <NON_UTF8>thgeneration function,<NON_UTF8><NON_UTF8><NON_UTF8><NON_UTF8>,<NON_UTF8>lternative <NON_UTF8>ispute <NON_UTF8>esolution,<NON_UTF8><NON_UTF8><NON_UTF8><NON_UTF8>
<NON_UTF8><NON_UTF8>,c<NON_UTF8><NON_UTF8>b<NON_UTF8>b<NON_UTF8><NON_UTF8><NON_UTF8><NON_UTF8><NON_UTF8>baa<NON_UTF8>,<NON_UTF8>aton-<NON_UTF8>orales,https<NON_UTF8>//www.reeves-graham.com/,<NON_UTF8>icronesia,<NON_UTF8>ustomer-focused e<NON_UTF8>plicit frame,<NON_UTF8><NON_UTF8><NON_UTF8><NON_UTF8>,<NON_UTF8>apital <NON_UTF8>arkets / <NON_UTF8>edge <NON_UTF8>und / <NON_UTF8>rivate <NON_UTF8>quity,<NON_UTF8><NON_UTF8><NON_UTF8><NON_UTF8>
<NON_UTF8><NON_UTF8>,<NON_UTF8><NON_UTF8><NON_UTF8><NON_UTF8><NON_UTF8>bce<NON_UTF8><NON_UTF8><NON_UTF8><NON_UTF8>a<NON_UTF8>b,"<NON_UTF8>oberson, <NON_UTF8>ennington and <NON_UTF8>almer",http<NON_UTF8>//www.keith-fisher.com/,<NON_UTF8>ameroon,<NON_UTF8>daptive bi-directional hierarchy,<NON_UTF8><NON_UTF8><NON_UTF8><NON_UTF8>,<NON_UTF8>elecommunications,<NON_UTF8><NON_UTF8><NON_UTF8><NON_UTF8>
<NON_UTF8><NON_UTF8>,e<NON_UTF8><NON_UTF8><NON_UTF8>e<NON_UTF8><NON_UTF8>e<NON_UTF8>c<NON_UTF8><NON_UTF8><NON_UTF8>d<NON_UTF8>,"<NON_UTF8>eorge, <NON_UTF8>usso and <NON_UTF8>uerra",https<NON_UTF8>//drake.com/,<NON_UTF8>weden,<NON_UTF8>entralized non-volatile capability,<NON_UTF8><NON_UTF8><NON_UTF8><NON_UTF8>,<NON_UTF8>ilitary <NON_UTF8>ndustry,<NON_UTF8><NON_UTF8><NON_UTF8><NON_UTF8>
<NON_UTF8><NON_UTF8>,<NON_UTF8><NON_UTF8><NON_UTF8>a<NON_UTF8><NON_UTF8><NON_UTF8><NON_UTF8>bf<NON_UTF8><NON_UTF8><NON_UTF8><NON_UTF8><NON_UTF8>,<NON_UTF8>avila <NON_UTF8>nc,https<NON_UTF8>//mcconnell.info/,<NON_UTF8>ocos (<NON_UTF8>eeling) <NON_UTF8>slands,<NON_UTF8>rofit-focused dedicated frame,<NON_UTF8><NON_UTF8><NON_UTF8><NON_UTF8>,<NON_UTF8>onsumer <NON_UTF8>lectronics,<NON_UTF8><NON_UTF8><NON_UTF8><NON_UTF8>
<NON_UTF8><NON_UTF8>,a<NON_UTF8>a<NON_UTF8>f<NON_UTF8>b<NON_UTF8><NON_UTF8>bc<NON_UTF8><NON_UTF8>b<NON_UTF8>,<NON_UTF8>ays-<NON_UTF8>reston,http<NON_UTF8>//www.browning-key.com/,<NON_UTF8>ali,<NON_UTF8>ser-centric heuristic focus group,<NON_UTF8><NON_UTF8><NON_UTF8><NON_UTF8>,<NON_UTF8>ilitary <NON_UTF8>ndustry,<NON_UTF8><NON_UTF8><NON_UTF8><NON_UTF8>
<NON_UTF8><NON_UTF8>,<NON_UTF8>c<NON_UTF8><NON_UTF8>b<NON_UTF8>a<NON_UTF8><NON_UTF8><NON_UTF8>a<NON_UTF8><NON_UTF8><NON_UTF8><NON_UTF8>,<NON_UTF8>ineda-<NON_UTF8>orton,https<NON_UTF8>//www.carr.com/,<NON_UTF8>nited <NON_UTF8>tates <NON_UTF8>irgin <NON_UTF8>slands,<NON_UTF8>rass-roots methodical info-mediaries,<NON_UTF8><NON_UTF8><NON_UTF8><NON_UTF8>,<NON_UTF8>rinting,<NON_UTF8><NON_UTF8><NON_UTF8><NON_UTF8>
<NON_UTF8><NON_UTF8>,<NON_UTF8><NON_UTF8><NON_UTF8><NON_UTF8><NON_UTF8><NON_UTF8><NON_UTF8><NON_UTF8><NON_UTF8><NON_UTF8><NON_UTF8>cbd<NON_UTF8>,<NON_UTF8>uang and <NON_UTF8>ons,https<NON_UTF8>//www.bolton.com/,<NON_UTF8>ritrea,<NON_UTF8>e-conte<NON_UTF8>tualized dynamic hierarchy,<NON_UTF8><NON_UTF8><NON_UTF8><NON_UTF8>,<NON_UTF8>emiconductors,<NON_UTF8><NON_UTF8><NON_UTF8><NON_UTF8>
<NON_UTF8><NON_UTF8>,<NON_UTF8><NON_UTF8><NON_UTF8>c<NON_UTF8><NON_UTF8><NON_UTF8><NON_UTF8><NON_UTF8><NON_UTF8><NON_UTF8>cb<NON_UTF8>f,<NON_UTF8>ilbert-<NON_UTF8>imon,https<NON_UTF8>//www.bradford.biz/,<NON_UTF8>urundi,<NON_UTF8>rass-roots radical parallelism,<NON_UTF8><NON_UTF8><NON_UTF8><NON_UTF8>,<NON_UTF8>ewspapers / <NON_UTF8>ournalism,<NON_UTF8><NON_UTF8><NON_UTF8><NON_UTF8>
<NON_UTF8><NON_UTF8>,<NON_UTF8><NON_UTF8><NON_UTF8>c<NON_UTF8>c<NON_UTF8>ec<NON_UTF8><NON_UTF8><NON_UTF8><NON_UTF8><NON_UTF8><NON_UTF8>,<NON_UTF8>ampson-<NON_UTF8>riffith,http<NON_UTF8>//hendricks.org/,<NON_UTF8>enin,<NON_UTF8>ulti-layered composite paradigm,<NON_UTF8><NON_UTF8><NON_UTF8><NON_UTF8>,<NON_UTF8>e<NON_UTF8>tiles,<NON_UTF8><NON_UTF8><NON_UTF8><NON_UTF8>
<NON_UTF8><NON_UTF8>,<NON_UTF8>e<NON_UTF8><NON_UTF8><NON_UTF8><NON_UTF8><NON_UTF8><NON_UTF8><NON_UTF8><NON_UTF8><NON_UTF8>e<NON_UTF8>a<NON_UTF8>,<NON_UTF8>iles-<NON_UTF8>ominguez,http<NON_UTF8>//www.turner.com/,<NON_UTF8>ibraltar,<NON_UTF8>rganized empowering forecast,<NON_UTF8><NON_UTF8><NON_UTF8><NON_UTF8>,<NON_UTF8>ivic / <NON_UTF8>ocial <NON_UTF8>rganization,<NON_UTF8><NON_UTF8><NON_UTF8>
<NON_UTF8><NON_UTF8>,d<NON_UTF8>b<NON_UTF8><NON_UTF8><NON_UTF8>e<NON_UTF8>faed<NON_UTF8><NON_UTF8><NON_UTF8>,<NON_UTF8>owe and <NON_UTF8>ons,https<NON_UTF8>//www.simpson.org/,<NON_UTF8>l <NON_UTF8>alvador,<NON_UTF8>alanced multimedia knowledgebase,<NON_UTF8><NON_UTF8><NON_UTF8><NON_UTF8>,<NON_UTF8>acilities <NON_UTF8>ervices,<NON_UTF8><NON_UTF8><NON_UTF8><NON_UTF8>
<NON_UTF8><NON_UTF8>,<NON_UTF8><NON_UTF8><NON_UTF8><NON_UTF8>e<NON_UTF8>fe<NON_UTF8><NON_UTF8><NON_UTF8>c<NON_UTF8><NON_UTF8><NON_UTF8>,"<NON_UTF8>alenzuela, <NON_UTF8>olmes and <NON_UTF8>owland",https<NON_UTF8>//www.dorsey.net/,<NON_UTF8>aiwan,<NON_UTF8>ersistent tertiary focus group,<NON_UTF8><NON_UTF8><NON_UTF8><NON_UTF8>,<NON_UTF8>ransportation,<NON_UTF8><NON_UTF8><NON_UTF8><NON_UTF8>
<NON_UTF8><NON_UTF8>,<NON_UTF8>e<NON_UTF8><NON_UTF8>e<NON_UTF8><NON_UTF8><NON_UTF8>f<NON_UTF8><NON_UTF8><NON_UTF8><NON_UTF8><NON_UTF8><NON_UTF8>,"<NON_UTF8>est, <NON_UTF8>ade and <NON_UTF8>hepard",https<NON_UTF8>//zimmerman.com/,<NON_UTF8>imbabwe,<NON_UTF8>nnovative background definition,<NON_UTF8><NON_UTF8><NON_UTF8><NON_UTF8>,<NON_UTF8>ambling / <NON_UTF8>asinos,<NON_UTF8><NON_UTF8><NON_UTF8><NON_UTF8>
<NON_UTF8><NON_UTF8>,<NON_UTF8>a<NON_UTF8>bf<NON_UTF8>b<NON_UTF8>b<NON_UTF8><NON_UTF8>e<NON_UTF8><NON_UTF8>c,<NON_UTF8>olmes <NON_UTF8>roup,https<NON_UTF8>//mcdowell.org/,<NON_UTF8>thiopia,<NON_UTF8>ight-sized zero tolerance focus group,<NON_UTF8><NON_UTF8><NON_UTF8><NON_UTF8>,<NON_UTF8>hotography,<NON_UTF8><NON_UTF8><NON_UTF8><NON_UTF8>
<NON_UTF8><NON_UTF8>,<NON_UTF8><NON_UTF8><NON_UTF8><NON_UTF8>d<NON_UTF8><NON_UTF8>ae<NON_UTF8><NON_UTF8>fd<NON_UTF8><NON_UTF8>,<NON_UTF8>ood <NON_UTF8>td,http<NON_UTF8>//duffy.com/,<NON_UTF8>nguilla,<NON_UTF8>everse-engineered composite moratorium,<NON_UTF8><NON_UTF8><NON_UTF8><NON_UTF8>,<NON_UTF8>onsumer <NON_UTF8>ervices,<NON_UTF8><NON_UTF8><NON_UTF8><NON_UTF8>
<NON_UTF8><NON_UTF8>,<NON_UTF8><NON_UTF8>df<NON_UTF8><NON_UTF8><NON_UTF8><NON_UTF8><NON_UTF8><NON_UTF8>bd<NON_UTF8>f<NON_UTF8>,<NON_UTF8>lements-<NON_UTF8>spinoza,http<NON_UTF8>//www.flowers.net/,<NON_UTF8>alkland <NON_UTF8>slands (<NON_UTF8>alvinas),<NON_UTF8>rogressive modular hub,<NON_UTF8><NON_UTF8><NON_UTF8><NON_UTF8>,<NON_UTF8>roadcast <NON_UTF8>edia,<NON_UTF8><NON_UTF8><NON_UTF8>
<NON_UTF8><NON_UTF8>,<NON_UTF8><NON_UTF8>c<NON_UTF8><NON_UTF8><NON_UTF8>db<NON_UTF8><NON_UTF8>f<NON_UTF8>d<NON_UTF8><NON_UTF8>,<NON_UTF8>endez <NON_UTF8>nc,https<NON_UTF8>//www.burke.net/,<NON_UTF8>yrgyz <NON_UTF8>epublic,<NON_UTF8>ser-friendly e<NON_UTF8>uding migration,<NON_UTF8><NON_UTF8><NON_UTF8><NON_UTF8>,<NON_UTF8>ducation <NON_UTF8>anagement,<NON_UTF8><NON_UTF8><NON_UTF8>
<NON_UTF8><NON_UTF8><NON_UTF8>,e<NON_UTF8>e<NON_UTF8><NON_UTF8><NON_UTF8><NON_UTF8><NON_UTF8><NON_UTF8>ef<NON_UTF8><NON_UTF8><NON_UTF8><NON_UTF8>,<NON_UTF8>atkins-<NON_UTF8>aiser,http<NON_UTF8>//www.herring.com/,<NON_UTF8>ogo,<NON_UTF8>ynergistic background access,<NON_UTF8><NON_UTF8><NON_UTF8><NON_UTF8>,<NON_UTF8>inancial <NON_UTF8>ervices,<NON_UTF8><NON_UTF8><NON_UTF8><NON_UTF8>